{"cameraMode":{"drawMode":0,"name":"Shaded","section":"Shading Mode"},"sceneLighting":true,"audioPlay":false,"sceneViewState":{"showFog":true,"showMaterialUpdate":false,"showSkybox":true,"showFlares":true,"showImageEffects":true,"showParticleSystems":true},"in2DMode":false,"pivot":{"x":3.440279960632324,"y":-0.44585084915161135,"z":3.8006553649902345},"rotation":{"x":-0.18645751476287843,"y":-0.12050551921129227,"z":0.023050649091601373,"w":-0.9747721552848816},"size":18.786964416503908,"orthographic":false}